Strategy,Return,Volatility,Sharpe,Max DD,Calmar,Costs (%)
Quantum Portfolio,0.5874078703761572,0.2974757294652571,1.9746413310157527,-0.2200656590621712,2.669239139261648,0.0341778711155996
Equal Weight (All),0.15220784458729697,0.16328884738977384,0.9321386427817309,-0.25,0.6088313783491879,0.015
Minimum Variance,0.12984645973662612,0.11697954809446706,1.1099928308131979,-0.18,0.721369220759034,0.012
Maximum Sharpe,0.18803731959491476,0.1373077642871614,1.3694587525411823,-0.22,0.8547150890677944,0.013
