Strategy,Return,Volatility,Sharpe,Max DD,Calmar,Costs (%)
Quantum Portfolio,0.6020748297951215,0.30136114202589415,1.9978515668864463,-0.22271386958674422,2.703355794195929,0.034150008724731395
Equal Weight (All),0.15220784277790672,0.16328886056369618,0.9321385564971412,-0.25,0.6088313711116269,0.015
Minimum Variance,0.1298464741271933,0.11697958415234573,1.1099926116859047,-0.18,0.7213693007066295,0.012
Maximum Sharpe,0.1880373599768259,0.13730780279610078,1.3694586625645555,-0.22,0.8547152726219359,0.013
