Strategy,Return,Volatility,Sharpe,Max DD,Calmar,Costs (%)
Quantum Portfolio,0.5688808663309961,0.3493622333605874,1.6283410512315932,-0.29267427706788823,1.9437337371436967,0.030784642825113336
Equal Weight (All),0.15542599600784301,0.177129781455451,0.8774695860330716,-0.25,0.6217039840313721,0.015
Minimum Variance,0.11592466638162219,0.11854075887743715,0.9779308609073457,-0.18,0.6440259243423455,0.012
Maximum Sharpe,0.17842270246451342,0.1437808226451168,1.240935329080016,-0.22,0.8110122839296064,0.013
