Strategy,Return,Volatility,Sharpe,Max DD,Calmar,Costs (%)
Quantum Portfolio,0.5274672640596894,0.31813315566122585,1.6580078331143189,-0.27612683580181,1.9102354268756365,0.006165907377370512
Equal Weight (All),0.20630975085504952,0.1818882493186287,1.1342665159948824,-0.25,0.8252390034201981,0.015
Minimum Variance,0.14783833736400218,0.11908016999213833,1.2415025723742454,-0.18,0.8213240964666788,0.012
Maximum Sharpe,0.1888332317908677,0.13435444855459303,1.4054855185099284,-0.22,0.8583328717766714,0.013
