Strategy,Return,Volatility,Sharpe,Max DD,Calmar,Costs (%)
Quantum Portfolio,0.5274670264417218,0.318133053330434,1.6580076195159128,-0.2761268052744273,1.910234777523686,0.006165904751359862
Equal Weight (All),0.20630975166720045,0.18188826294021926,1.134266435514906,-0.25,0.8252390066688018,0.015
Minimum Variance,0.14783835436344678,0.11908017744761519,1.2415026374014488,-0.18,0.8213241909080377,0.012
Maximum Sharpe,0.18883326150086827,0.1343544482064156,1.4054857432837213,-0.22,0.8583330068221284,0.013
