Strategy,Return,Volatility,Sharpe,Max DD,Calmar,Costs (%)
Quantum Portfolio,0.48422070926574534,0.33341619874835904,1.4523010911992424,-0.27977189216106046,1.7307696835641615,0.019007458966115724
Equal Weight (All),0.15280717569305322,0.1803538393232098,0.8472632258147244,-0.25,0.6112287027722129,0.015
Minimum Variance,0.11462897342487588,0.11889435437146398,0.9641246132405775,-0.18,0.6368276301381993,0.012
Maximum Sharpe,0.17593307513957307,0.14466954765241993,1.2161030292447326,-0.22,0.7996957960889685,0.013
